Column Name,Short Column Name,Description,Data Type,Units,Example Value,Response Options,Remarks
Your age,Age,Age range of the respondent,Integer,Years,25,Range: 18 or up (open-ended integer),Respondent's age in years
Current residence,Residence,Current place of residence,String,Category,City,City | Village,Respondent's place of residence
Level of education,Education Level,Highest level of education attained,String,Category,University,University | College | High School | Primary | None,Highest level of education attained
Marital status,Marital Status,Current marital status,String,Category,Married,Married | Divorced | Widowed,Current marital status
Your occupation before latest pregnancy,Occupation Before Latest Pregnancy,Job before the latest pregnancy,String,Text,Teacher,Open-ended text response,Respondent's job before latest pregnancy
Monthly income before latest pregnancy,Monthly Income Before Latest Pregnancy,Income before latest pregnancy,String,BDT,10000 to 20000,None | Less than 5000 | 5000-10000 | 10000-20000 | 20000-30000 | More than 30000,Income range before latest pregnancy in BDT
Your occupation after your latest childbirth,Occupation After Latest Childbirth,Current job after childbirth,String,Text,Housewife,Open-ended text response,Respondent's job after childbirth
Current monthly income,Current Monthly Income,Current monthly income,String,BDT,None,None | Less than 5000 | 5000-10000 | 10000-20000 | 20000-30000 | More than 30000,Respondent's current income in BDT
Husband's level of education,Husband's Education Level,Highest education level of the husband,String,Category,College,University | College | High School | Primary | None,Highest education level of husband
Husband's monthly income,Husband's Monthly Income,Husband's monthly income,String,BDT,20000 to 30000,None | Less than 5000 | 5000-10000 | 10000-20000 | 20000-30000 | More than 30000,Monthly income of husband in BDT
Do you have any kind of addiction?,Addiction,Any form of addiction before/after pregnancy,List of Strings,Category (Multiple),Smoking,Smoking | Alcohol | Drugs | None,Multiple selections allowed; respondent's addiction(s)
Number of total children,Total Children,Total number of children,Integer,Count,2,1 | 2 | More than 2,Total number of children
Any disease before pregnancy?,Disease Before Pregnancy,Any pre-existing diseases before pregnancy,List of Strings,Category (Multiple),High blood pressure,High blood pressure | Diabetes | Premenstrual syndrome | None | Other,Multiple selections allowed; pre-existing medical conditions
History of pregnancy loss,History of Pregnancy Loss,History of miscarriage/stillbirth,String,Category,Miscarriage,Stillbirth | Miscarriage | None,Any history of pregnancy loss
Family type,Family Type,Type of family setup,String,Category,Joint,Joint | Nuclear,Type of family structure
Number of household members,Number of Household Members,Total number of people in the household,String,Category,3 to 5,3 to 5 | 6 to 8 | 9 or more,Stored as categorical range; total members in the household
Relationship with the in-laws,Relationship with In-Laws,Quality of relationship with in-laws,String,Category,Neutral,Good | Neutral | Bad,Respondent's relationship with in-laws
How is your relationship with your husband?,Relationship with Husband,Quality of relationship with husband,String,Category,Good,Good | Neutral | Bad,Relationship status with husband
Relationship/Bonding with the newborn,Relationship with Newborn,Emotional bonding with the newborn,String,Category,Good,Good | Neutral | Bad,Mother's bonding with newborn
How is the relationship between your husband and your child?,Relationship Between Father and Newborn,Quality of bonding between father and child,String,Category,Good,Good | Neutral | Bad,Bonding between husband and child
What is your feeling about motherhood?,Feeling About Motherhood,Overall emotional experience of motherhood,String,Category,Happy,Happy | Neutral | Sad,Respondent's feelings about motherhood
What kind of support did you receive before and after childbirth?,Received Support,"Support received pre/post-birth (daily chores, emotional, childcare)",List of Strings,Category (Multiple),A lot from husband,A lot from husband | Moderate from husband | Little from husband | A lot from paternal family | Moderate from paternal family | Little from paternal family | A lot from in-laws | Moderate from in-laws | Little from in-laws,"Multiple selections allowed; covers daily chores, emotional and childcare support"
Do you wish/feel that you should be offered more help?,Need for Support,"Desire for additional support (daily tasks, emotional, childcare)",List of Strings,Category (Multiple),Yes from husband,Yes from husband | Yes from paternal family | Yes from in-laws | Yes from others | No,Multiple selections allowed
Did you have any major changes or losses for pregnancy?,Major Changes or Losses During Pregnancy,Any significant life changes during pregnancy,List of Strings,Category (Multiple),Lost job,Relocated house | Lost job | Changed job | Separation from husband | No | Other,Multiple selections allowed
Has anyone in your family/husband/in-laws ever treated you like this?,Abuse,Experience of abuse or mistreatment,List of Strings,Category (Multiple),Insulted,Insulted | Humiliated | Frightened | Threatened | Physically harmed | Denied basic needs and money | None,Multiple selections allowed; experience of mistreatment or abuse
Trust and share feelings with close friends?,Trust and Share Feelings,Ability to confide in close friends or relatives,String,Category,Yes,Yes | No,Whether the respondent shares feelings with friends/relatives
Number of the latest pregnancy,Number of Latest Pregnancy,Number of pregnancies including miscarriages/stillbirths,Integer,Count,2,Range: 1 or more (open-ended integer),Count of all pregnancies including losses
Pregnancy length,Pregnancy Length,Gestation period in months,String,Months,9 months,5 months or less | 6 months | 7 months | 8 months | 9 months | 10 months,Stored as categorical range
Was this latest pregnancy planned?,Pregnancy Plan,Whether the pregnancy was planned,String,Category,Yes,Yes | No,Whether pregnancy was planned
Had regular checkups?,Regular Checkups,Attended regular prenatal checkups,String,Category,Yes,Yes | No,Whether respondent had regular prenatal checkups
Fear of pregnancy?,Fear of Pregnancy,Experienced fear related to pregnancy/childbirth,String,Category,No,Yes | No,Whether respondent had pregnancy-related fears
Diseases during pregnancy?,Diseases During Pregnancy,Any medical conditions during pregnancy,List of Strings,Category (Multiple),Gestational diabetes,Gestational diabetes | Anemia | High blood pressure | None | Other,Multiple selections allowed
Age of newborn,Age of Newborn,Current age of the newborn at time of survey,String,Months,6 months-1 year,0-6 months | 6 months-1 year | 1 year-1.5 years | 1.5 years-2 years,All participants delivered within 24 months prior to survey
Age of older children if any,Age of Older Children,Ages of previous children if applicable,List of Integers,Years,5,Open-ended integer years; N/A if first child,Ages of older children if applicable
Mode of delivery,Mode of Delivery,Method of delivery for latest childbirth,String,Category,C-section,Normal Delivery | C-section,Type of delivery
Gender of newborn,Gender of Newborn,Sex of the newborn,String,Category,Male,Male | Female,Gender of the newborn
Any birth complications?,Birth Complications,Complications experienced during delivery,String,Category,No,Yes | No,Whether there were birth complications
Do you breastfeed?,Breastfeed,Current breastfeeding status,String,Category,Yes,Yes | No,Whether respondent currently breastfeeds the newborn
Any illness of the infant?,Newborn Illness,Any health issues with the newborn in first few months,String,Category,No,Yes | No,Whether the infant experienced illness in the first few months
Are you constantly worried about the newborn's health and activities?,Worry About Newborn,Level of concern over the baby's health,String,Category,Yes,Yes | No,Level of worry about newborn's health and development
Can you relax/sleep when the newborn is monitored by someone else?,Relax/Sleep When Newborn Is Tended,Ability to relax when others monitor the baby,String,Category,Yes,Yes | No,Whether respondent can rest when someone else monitors the baby
Can you relax/sleep when the newborn is asleep?,Relax/Sleep When Newborn Is Asleep,Ability to rest when the baby is sleeping,String,Category,Yes,Yes | No,Whether respondent can rest while newborn sleeps
"Have you been feeling angry, irritated, and difficult to calm down after childbirth?",Angry After Latest Childbirth,Postpartum emotional instability,String,Category,No,Yes | No,Emotional state post-childbirth
How do you feel to perform regular activities like before pregnancy?,Feeling for Regular Activities,Comfort level in resuming daily activities post-childbirth,List of Strings,Category (Multiple),Tired,Fearful | Anxious | Tired | Nothing (no difficulty),"Multiple selections allowed; e.g. leaving house, travel, grocery shopping"
Depression before pregnancy (PHQ2),Depression Before Pregnancy (PHQ-2),Lack of interest or depressed mood before pregnancy; PHQ-2 screening,String,Category,Negative,Positive | Negative,PHQ-2 screening item; not a clinical diagnosis.
Depression during pregnancy (PHQ2),Depression During Pregnancy (PHQ-2),Depressed or hopeless mood during pregnancy; PHQ-2 screening,String,Category,Negative,Positive | Negative,PHQ-2 screening item; not a clinical diagnosis.
EPDS Item 1 - Able to laugh and see funny side of things,EPDS_1,Ability to laugh and see the funny side of things (postpartum),String,Category,Several days,Not at all | Several days | More than half the days | Nearly every day,EPDS item 1; reverse scored (0=Nearly every day to 3=Not at all)
EPDS Item 2 - Looked forward with enjoyment to things,EPDS_2,Looking forward with enjoyment to things (postpartum),String,Category,Several days,Not at all | Several days | More than half the days | Nearly every day,EPDS item 2; reverse scored (0=Nearly every day to 3=Not at all)
EPDS Item 3 - Blamed yourself unnecessarily when things went wrong,EPDS_3,Unnecessary self-blame when things went wrong (postpartum),String,Category,Several days,Not at all | Several days | More than half the days | Nearly every day,EPDS item 3; scored 0=Not at all to 3=Nearly every day
EPDS Item 4 - Anxious or worried for no good reason,EPDS_4,Anxiety or worry without clear reason (postpartum),String,Category,Several days,Not at all | Several days | More than half the days | Nearly every day,EPDS item 4; scored 0-3
EPDS Item 5 - Scared or panicky for no very good reason,EPDS_5,Feeling scared or panicky without clear reason (postpartum),String,Category,Not at all,Not at all | Several days | More than half the days | Nearly every day,EPDS item 5; scored 0-3
EPDS Item 6 - Things have been getting on top of you,EPDS_6,Feeling overwhelmed (postpartum),String,Category,Several days,Not at all | Several days | More than half the days | Nearly every day,EPDS item 6; scored 0-3
EPDS Item 7 - Unhappy and had difficulty sleeping,EPDS_7,Unhappiness causing sleep difficulty (postpartum),String,Category,Several days,Not at all | Several days | More than half the days | Nearly every day,EPDS item 7; scored 0-3
EPDS Item 8 - Felt sad or miserable,EPDS_8,Feeling sad or miserable (postpartum),String,Category,Several days,Not at all | Several days | More than half the days | Nearly every day,EPDS item 8; scored 0-3
EPDS Item 9 - Unhappy and been crying,EPDS_9,Unhappiness to the point of crying (postpartum),String,Category,Not at all,Not at all | Several days | More than half the days | Nearly every day,EPDS item 9; scored 0-3
EPDS Item 10 - Thought of harming yourself,EPDS_10,Thoughts of self-harm (postpartum),String,Category,Not at all,Not at all | Several days | More than half the days | Nearly every day,EPDS item 10; scored 0-3; critical safety item
PHQ-9 Item 1 - Little interest or pleasure in doing things,PHQ9_1,Loss of interest or pleasure (postpartum),String,Category,Several days,Not at all | Several days | More than half the days | Nearly every day,PHQ-9 item 1; scored 0-3; 
"PHQ-9 Item 2 - Feeling down, depressed, or hopeless",PHQ9_2,Depressed or hopeless mood (postpartum),String,Category,Several days,Not at all | Several days | More than half the days | Nearly every day,PHQ-9 item 2; scored 0-3
PHQ-9 Item 3 - Trouble falling or staying asleep or sleeping too much,PHQ9_3,Sleep disturbance (postpartum),String,Category,Several days,Not at all | Several days | More than half the days | Nearly every day,PHQ-9 item 3; scored 0-3
PHQ-9 Item 4 - Feeling tired or having little energy,PHQ9_4,Fatigue or low energy (postpartum),String,Category,Several days,Not at all | Several days | More than half the days | Nearly every day,PHQ-9 item 4; scored 0-3
PHQ-9 Item 5 - Poor appetite or overeating,PHQ9_5,Appetite disturbance (postpartum),String,Category,Not at all,Not at all | Several days | More than half the days | Nearly every day,PHQ-9 item 5; scored 0-3
PHQ-9 Item 6 - Feeling bad about yourself or feeling like a failure,PHQ9_6,Low self-worth or sense of failure (postpartum),String,Category,Not at all,Not at all | Several days | More than half the days | Nearly every day,PHQ-9 item 6; scored 0-3
PHQ-9 Item 7 - Trouble concentrating,PHQ9_7,Concentration difficulties (postpartum),String,Category,Not at all,Not at all | Several days | More than half the days | Nearly every day,PHQ-9 item 7; scored 0-3
PHQ-9 Item 8 - Moving or speaking slowly or being fidgety or restless,PHQ9_8,Psychomotor changes - slowing or agitation (postpartum),String,Category,Not at all,Not at all | Several days | More than half the days | Nearly every day,PHQ-9 item 8; scored 0-3
PHQ-9 Item 9 - Thoughts of being better off dead or hurting yourself,PHQ9_9,Suicidal ideation or self-harm thoughts (postpartum),String,Category,Not at all,Not at all | Several days | More than half the days | Nearly every day,PHQ-9 item 9; scored 0-3; critical safety item
EPDS Score,EPDS Score,Total postpartum depression severity score measured by EPDS,Integer,Count,3,Range: 0-30,Sum of EPDS items 1-10; each item scored 0-3
EPDS Result,EPDS Result,Postpartum depression severity category derived from EPDS score,String,Category,High,Low (0-8) | Medium (9-12) | High (13-30),Screening-based analytic categories for ML classification; not clinical diagnoses.
PHQ9 Score,PHQ9 Score,Total postpartum depression severity score measured by PHQ-9,Integer,Count,10,Range: 0-27,Sum of PHQ-9 items 1-9; each item scored 0-3
PHQ9 Result,PHQ9 Result,Postpartum depression severity category derived from PHQ-9 score,String,Category,Mild,Minimal (0-4) | Mild (5-9) | Moderate (10-14) | Moderately Severe (15-19) | Severe (20-27),Screening-based severity category; not a clinical diagnosis.