fips,county,low_birth_weight_pct,births_known,late_or_no_prenatal_pct,tobacco_use_pct,poverty_pct,obgyn_per_100k
28049,"Hinds County, MS",15.766755017039001,13205,25.93580789453033,3.473062953995157,21.6,25.00294846090341
22017,"Caddo Parish, LA",14.955969395120542,13854,28.180831826401448,4.366054647968773,22.3,35.12781633932581
13063,"Clayton County, GA",14.09007732719438,16941,35.66783988546203,1.5824279641001417,16.8,3.6949577263245583
13021,"Bibb County, GA",13.93635827931644,10182,29.007558653185434,5.346282126741221,24.8,35.019356153219235
45041,"Florence County, SC",13.654261399720564,7873,23.459926330496636,4.993012323719984,18.3,15.93637041919898
22073,"Ouachita Parish, LA",13.610431947840262,9816,41.16428900138058,5.022458146182115,24.0,7.600998264438729
01101,"Montgomery County, AL",13.277528242820198,14694,37.10910828895261,2.5730038799264854,19.3,11.0671376840465
13245,"Richmond County, GA",12.89765366345185,13894,28.98128595354256,2.8530155290718673,21.1,27.629263752829576
13215,"Muscogee County, GA",12.695297758321383,13249,21.607047922837396,3.2910628019323673,18.8,14.368527969082892
29510,"St. Louis city, MO",12.552252670692058,17224,37.032250123092076,6.815226386097647,19.8,33.60803732637337
22033,"East Baton Rouge Parish, LA",12.544763575239347,27366,33.223757937990285,1.676673012154049,18.6,22.95694248844427
22071,"Orleans Parish, LA",12.5,20168,33.40161886679324,1.42985701429857,22.6,50.17907312083507
22079,"Rapides Parish, LA",12.487487487487487,7992,8.445945945945946,5.394918012266867,18.9,12.708599750593729
13151,"Henry County, GA",12.458899213724088,13990,26.213870759520905,1.7800972261938806,9.4,8.098258874342017
17115,"Macon County, IL",12.343722486353231,5679,23.169014084507044,10.072068904904201,14.6,8.93415527561869
01097,"Mobile County, AL",12.112798952921112,25213,22.72510719390186,4.8957424879093,16.3,18.673955167956464
05119,"Pulaski County, AR",12.098522973691747,24441,29.210472067614926,3.139601606689073,16.2,23.17993863547428
01125,"Tuscaloosa County, AL",12.086079568013975,12593,36.24652087475149,2.8253968253968256,16.7,10.364326816244633
17167,"Sangamon County, IL",12.08246605213599,10089,15.211351458622742,9.748365365563702,12.9,33.44567650312589
24510,"Baltimore city, MD",11.998988138737422,35578,29.724546722454672,4.561750176429076,20.1,31.675028287559982
13185,"Lowndes County, GA",11.972633979475484,7893,31.349911190053287,3.380602684223854,20.3,10.648580462312216
47157,"Shelby County, TN",11.962500205230926,60907,37.545250227323415,2.672958569142178,17.5,20.53748915466816
22015,"Bossier Parish, LA",11.953389299586519,7981,23.525673614641587,3.3111752163551986,16.4,9.915943311314853
37155,"Robeson County, NC",11.830501183050119,9298,37.347445728480395,11.015583019881785,28.8,6.743997841920691
45079,"Richland County, SC",11.689457432730482,22670,31.368913609676422,0.8736321920225909,16.9,16.254461269101892
37147,"Pitt County, NC",11.662434069154132,10238,19.387956564659426,4.797659678205753,19.4,28.21061714873633
26163,"Wayne County, MI",11.613337824183226,103915,22.903496839241416,4.886587340839225,20.1,11.97021223976787
45085,"Sumter County, SC",11.596613244632598,6614,24.768553650022767,3.0064964496147453,16.4,7.635336336565626
13121,"Fulton County, GA",11.496955151752625,61251,24.12729658792651,0.744866789722145,12.9,32.09966671374618
12073,"Leon County, FL",11.4540614432693,13899,24.75225225225225,1.489407851926831,18.5,10.982135725885893
13097,"Douglas County, GA",11.42415596766524,8412,34.527919990475056,2.1385291671616966,11.3,3.2919209675614107
01073,"Jefferson County, AL",11.37867227700185,39451,26.873266671755335,2.3376821158434438,16.3,24.821585452444854
13051,"Chatham County, GA",11.368922361280319,18058,30.719432560234182,1.791875347801892,14.3,20.173360751750526
17163,"St. Clair County, IL",11.3252457002457,13024,25.973019072724455,7.147814018043026,13.6,9.556080255147343
28047,"Harrison County, MS",11.222477817942819,12172,21.4563599458728,4.774908970539556,17.4,10.7612408178543
12033,"Escambia County, FL",11.209646893419132,18493,34.486925950340584,7.5222680860308495,14.5,18.413704626065957
51760,"Richmond city, VA",11.129296235679215,14664,22.505147563486616,3.3635187580853816,18.8,31.670625494853525
35049,"Santa Fe County, NM",11.115120894983761,5542,30.19765739385066,2.698786451729759,12.5,7.606249801920578
51710,"Norfolk city, VA",11.108195000328063,15241,18.760010678056595,3.1206975676916016,17.3,24.664113714545337
55079,"Milwaukee County, WI",11.100512698223442,58709,22.88772127794626,4.086017808643036,17.5,15.896360057962237
54039,"Kanawha County, WV",11.100489903214243,8369,18.94800483675937,16.506947771921418,16.1,14.95060549952273
42101,"Philadelphia County, PA",11.01354132584673,94747,33.029009956667,3.0806751813105704,22.0,18.552451337936713
48245,"Jefferson County, TX",11.000953288846521,15735,29.06652847055775,3.653723742838956,18.8,9.450753697607384
22105,"Tangipahoa Parish, LA",10.864351996663538,9591,25.53859025308513,2.304243561672401,19.4,8.582279024194875
39099,"Mahoning County, OH",10.841170323928944,11484,13.990585774058577,17.77042903141589,18.3,8.415047877193448
39035,"Cuyahoga County, OH",10.765326773982625,64234,20.905945069676093,4.116959064327485,16.2,23.0534727719141
26049,"Genesee County, MI",10.737020795020513,21207,28.93651706942846,11.464847451203335,15.9,12.677768414458622
13089,"DeKalb County, GA",10.724407201255937,49047,24.193317080166356,0.5343776132493014,13.5,18.044753585258864
01069,"Houston County, AL",10.723153320918684,6444,26.303538175046555,6.389578163771712,18.0,16.458497156337433
22109,"Terrebonne Parish, LA",10.707692307692307,6500,25.470670608370934,4.390694808195963,16.5,12.516367557575292
28121,"Rankin County, MS",10.681739531664553,8669,19.823173569101908,3.067696920770384,10.0,19.928630591693498
36005,"Bronx County, NY",10.678100046000873,84781,34.78382385107055,0.46233502777548446,26.9,10.038101455596928
08101,"Pueblo County, CO",10.672881558503645,8367,26.55017594952069,7.410937686167044,15.4,5.886993277053677
37071,"Gaston County, NC",10.658307210031348,13717,27.071538857436952,7.393904039667493,12.8,6.198090987975703
22019,"Calcasieu Parish, LA",10.648111953717457,12791,15.083945435466946,2.665433448246868,17.8,11.118577208850388
13113,"Fayette County, GA",10.587975243147657,4524,18.455410489046248,0.7952286282306164,5.5,27.176736713373355
51650,"Hampton city, VA",10.510125608818251,7802,22.593705106438552,3.5238339313172733,13.0,4.3605918776708625
37051,"Cumberland County, NC",10.50366406886123,25791,28.830582373092493,5.260301585455673,17.2,10.932836923440593
28033,"DeSoto County, MS",10.459759732634812,11071,27.652762532016098,3.7532784661300536,10.0,6.637021304838389
12031,"Duval County, FL",10.42866181588105,63220,43.8200769407819,3.222733767264645,14.6,13.173370079769969
13059,"Clarke County, GA",10.42611060743427,6618,20.76161462300076,2.990033222591362,25.9,18.46224854802108
37067,"Forsyth County, NC",10.387498870924036,22142,26.65123246629443,4.3250564334085775,14.7,24.111939679964234
37191,"Wayne County, NC",10.376310919185688,8105,32.48724648500684,4.193906500555076,16.9,3.32397081553624
26145,"Saginaw County, MI",10.336914571816001,9587,22.65835036025379,11.61104595372641,18.1,14.916308852829303
22051,"Jefferson Parish, LA",10.284095259973965,26118,31.921186050084497,1.4896573016363075,16.3,17.31994860188226
37081,"Guilford County, NC",10.257561110343875,28964,30.218791109880218,3.6233134338659028,15.2,12.526484567371012
08005,"Arapahoe County, CO",10.242445073103667,37823,22.034672759037765,2.9954221904686302,8.5,11.545647290971305
22005,"Ascension Parish, LA",10.220927409565428,8238,27.157141093692136,1.3969873663751216,10.3,2.246618838647835
18097,"Marion County, IN",10.219936999420847,70793,34.90650044523598,4.6513283407841906,15.1,17.92939891690131
26121,"Muskegon County, MI",10.214007782101167,9252,26.95265951684541,10.981156595191683,12.6,3.381653403070541
22055,"Lafayette Parish, LA",10.201020102010201,16665,14.506757996452816,1.9828833172613307,17.4,18.093069174523386
13153,"Houston County, GA",10.181892084137791,9841,21.70156535881277,3.605525086329474,10.1,6.861181152335375
12001,"Alachua County, FL",10.168177943114005,12903,24.429132281067222,2.7635460332246544,19.7,27.76045129583045
51700,"Newport News city, VA",10.140845070422536,12425,26.591913570142413,4.127443881245474,15.1,12.018180229000961
11001,"District of Columbia, DC",10.130122826219141,41115,27.890811304480188,1.2009803921568627,14.5,30.18867924528302
39095,"Lucas County, OH",10.088996090825917,24046,24.211885228834383,7.2364316905801624,17.8,14.778637128158934
01089,"Madison County, AL",10.069304717192042,22365,33.75622002062133,2.947227191413238,10.5,11.574210768740182
29189,"St. Louis County, MO",10.066261410058443,51161,25.815284021250513,3.805543334799824,9.6,24.97660960652776
08031,"Denver County, CO",10.065582487703283,45134,21.20514036633015,2.713968957871397,11.2,24.279202599657896
17143,"Peoria County, IL",10.049486105824133,10508,22.262460688077766,8.552130898021309,15.4,20.041195791348883
39061,"Hamilton County, OH",10.01213829828889,51078,24.72395771936029,5.809624578728741,14.9,26.03423382324666
39003,"Allen County, OH",9.981791094189704,6041,17.289719626168225,11.449371277299802,13.1,7.931314813713244
17201,"Winnebago County, IL",9.961519364448858,16112,19.49990669901101,8.548707753479125,16.0,6.342718207124987
29095,"Jackson County, MO",9.950109572434373,42894,28.444696111740278,6.046051702217827,13.8,12.235998031241666
20209,"Wyandotte County, KS",9.874038380251923,11829,30.98507462686567,3.895442586777561,17.5,25.381010282260444
37001,"Alamance County, NC",9.867192363560905,9638,27.706537733865883,4.387056627255756,14.1,5.463286713286713
10001,"Kent County, DE",9.863299791152459,10534,26.024407183252308,5.315392690142189,11.3,4.151746328299341
18095,"Madison County, IN",9.854626782219738,7154,19.997203188365262,12.34585201793722,12.9,3.7251717304167724
01081,"Lee County, AL",9.852470855256371,9693,22.270426608821403,2.484279971136996,18.9,7.985222015789446
24043,"Washington County, MD",9.811181044057756,8103,20.889167188478396,9.743334163967107,12.5,10.176304475029893
08041,"El Paso County, CO",9.789163353732077,44774,24.090152103919173,2.2562998440143245,8.5,9.298964361054875
37159,"Rowan County, NC",9.787928221859707,7969,25.84382871536524,7.795463090612858,15.8,3.259792416418922
28059,"Jackson County, MS",9.784022898776998,7686,15.612040133779264,6.192272668141017,14.1,7.482891389232799
42051,"Fayette County, PA",9.76582827406765,5765,24.723180250499183,16.165676336945126,17.4,4.034177552222428
37057,"Davidson County, NC",9.74949221394719,8862,21.682116210716707,8.671628326567433,13.8,2.812006141421413
26075,"Jackson County, MI",9.725873075478784,7989,18.54778028592927,12.433728856349406,12.2,3.7445470034262605
45035,"Dorchester County, SC",9.71749148467241,9982,23.590206702789484,3.6652905044809185,11.5,7.442904335778041
35001,"Bernalillo County, NM",9.702933300118328,32114,23.491393309516077,3.2316596277178165,15.8,20.394583079641592
13223,"Paulding County, GA",9.691485882481194,9173,22.049994542080558,1.6125517541948138,6.1,1.06073222345385
34011,"Cumberland County, NJ",9.683118030252842,9057,32.0917858330562,5.513118565260711,16.3,2.5694060817841957
48141,"El Paso County, TX",9.675487313514102,55098,29.101644109365065,0.5029048656499637,18.9,12.445991248983768
12011,"Broward County, FL",9.653810637169185,101794,31.77213138005795,0.3142702329934486,12.2,13.006313706396947
26025,"Calhoun County, MI",9.65176857691253,7294,29.053961279692434,11.347712597884325,14.2,7.474679523115446
48375,"Potter County, TX",9.624352331606218,7720,37.35080435910742,7.544972175488547,20.9,29.655731842405952
32003,"Clark County, NV",9.605069905953568,123237,19.667722959052814,2.288937616668161,13.2,8.420627870360681
13077,"Coweta County, GA",9.570596797671033,8244,18.648386314001456,2.097478176527643,8.2,7.583753072999943
37119,"Mecklenburg County, NC",9.564167860363945,75396,29.301386064931094,0.9244767488129029,10.4,19.31550172637478
36055,"Monroe County, NY",9.553204796997797,36773,16.92394366197183,4.675923385105098,13.1,23.397970226082887
08001,"Adams County, CO",9.524113294207707,31352,20.297854273490316,3.470646511776549,9.4,15.65455372550753
45007,"Anderson County, SC",9.514327763829971,11551,19.011274934952297,7.6521739130434785,14.4,6.44617672653937
18163,"Vanderburgh County, IN",9.507735583684951,10665,17.509143768170308,7.911303203983839,14.4,9.978546125829466
42043,"Dauphin County, PA",9.50345080315153,16373,25.538499628620947,5.973627721557804,12.3,20.81705223715059
17019,"Champaign County, IL",9.50235305897667,9987,18.90752083542524,4.059336473889947,18.0,14.596890391479182
36093,"Schenectady County, NY",9.497270245677889,8792,20.423023578363384,3.1466545495853686,12.5,10.476947633750562
36065,"Oneida County, NY",9.46916608269096,11416,24.692226521280336,9.028141933228456,14.6,6.568949887670957
45015,"Berkeley County, SC",9.469020696951663,15123,22.759168542301072,3.7427831972924546,10.3,5.297492015922748
24033,"Prince George's County, MD",9.463336974027657,54019,36.839150744802424,0.7484585097689622,10.2,6.724399950756702
45019,"Charleston County, SC",9.448059773439383,24894,20.573681457939415,1.6312885165344182,11.6,30.162343010805078
42049,"Erie County, PA",9.434843531060253,12846,16.865173892329683,11.382556601571617,15.4,5.9757236227824455
21111,"Jefferson County, KY",9.432230611989487,47942,23.37960991397666,7.092123843446371,14.5,19.398373307838327
24017,"Charles County, MD",9.416638674280597,8931,26.27177700348432,2.348578491965389,6.6,5.731381606850148
23001,"Androscoggin County, ME",9.414262962307555,5651,24.720298348428344,9.55661543896838,13.0,5.205080158234437
39023,"Clark County, OH",9.405255878284924,7953,34.43515704154002,11.930177068943866,15.6,4.44493832648072
18091,"La Porte County, IN",9.4043321299639,5540,34.09090909090909,11.710573800072176,14.0,3.5923411287135827
21067,"Fayette County, KY",9.40189445196211,18475,20.781644527390494,6.141587163920208,15.7,27.62288388978773
39153,"Summit County, OH",9.394130523503877,26953,23.3445983585249,7.560993751859566,12.6,14.48817727585118
26099,"Macomb County, MI",9.389497980380842,43325,16.24819214263698,4.710405039253375,9.8,4.852314723389849
10003,"New Castle County, DE",9.382626475826132,30322,14.40126191435092,3.336431843835071,10.2,12.072920439454304
48215,"Hidalgo County, TX",9.35080058224163,68700,33.89795648533106,0.24163027656477437,27.2,6.667978400122429
39113,"Montgomery County, OH",9.342925976040394,30301,25.316078639041503,6.895414054767404,14.9,13.210703274579815
24005,"Baltimore County, MD",9.33820014774258,46026,22.783479796963395,3.054283845650752,10.0,17.244918907821802
12095,"Orange County, FL",9.338180921863446,81140,34.91235769419418,0.7762030527346898,13.0,13.888472307168668
55101,"Racine County, WI",9.332702318977757,10565,18.675623800383878,5.673422996779693,10.8,9.06111723575517
45063,"Lexington County, SC",9.322449981588315,16294,24.030960132686282,3.124232752271053,11.4,14.02283171964535
48183,"Gregg County, TX",9.322342102072978,8249,23.517978620019438,4.836363636363636,17.0,18.94552372532148
39049,"Franklin County, OH",9.303957662218131,86920,24.2473917778064,5.166319328505141,14.5,15.262076394433988
48135,"Ector County, TX",9.279617616934107,14645,27.26713171932704,2.8553862968782022,15.3,9.99870604980532
12105,"Polk County, FL",9.27294505842204,44247,33.997099380740806,3.3331064370476255,14.7,4.807252619952679
25013,"Hampden County, MA",9.270225365313339,23473,23.22740474970101,3.5953816113422192,15.7,9.264226512492701
17161,"Rock Island County, IL",9.258291982240793,7658,23.67421762472175,6.476041258649954,15.4,6.305567816381865
36081,"Queens County, NY",9.249898320841323,120477,22.06483385373036,0.23488790949760546,12.2,10.617906019446306
15001,"Hawaii County, HI",9.23421231877007,10277,39.49341208541572,4.424870466321243,14.6,9.056675723342389
08059,"Jefferson County, CO",9.230995010272967,27256,15.461128352033102,2.8753171305658713,6.7,8.123996383957355
18003,"Allen County, IN",9.229466553767994,25982,28.359534937618292,5.448297165804309,12.2,11.520304536746014
48201,"Harris County, TX",9.226688392862696,321578,39.601085321227494,0.4886881776730589,15.9,14.193594237280962
37129,"New Hanover County, NC",9.219988936013277,10846,30.341129703244892,3.422193524582603,12.4,20.547973353388155
51550,"Chesapeake city, VA",9.20456995042035,13917,12.04435103993043,2.0331920396580214,8.7,11.372682815876265
34031,"Passaic County, NJ",9.202884676750271,31338,26.94738889429155,1.010883958272777,13.7,9.115129786155256
42089,"Monroe County, PA",9.201623815967524,6651,20.872462890033322,6.536438767843727,11.3,0.6005176462110339
12111,"St. Lucie County, FL",9.197541307167429,17733,34.26801995527266,2.236857045531963,11.6,4.351498707348914
13135,"Gwinnett County, GA",9.189730517115805,54920,20.10461054518188,0.45542317921812947,10.5,8.16839647404193
40109,"Oklahoma County, OK",9.184571386668622,54548,21.256859158609878,3.489330524773331,15.7,15.676860708643096
48027,"Bell County, TX",9.165422266467562,30135,29.811698050324946,1.73439213210619,14.6,11.011617256205296
37025,"Cabarrus County, NC",9.159733153436774,13341,20.511659497396423,2.8977910894795955,8.9,8.165765030111258
34007,"Camden County, NJ",9.15271099320179,30155,22.02174651715936,3.5022329673281622,12.2,17.041581458759374
39093,"Lorain County, OH",9.152326322498407,15690,20.519862051347555,8.80290668026517,12.8,4.036890972890725
42003,"Allegheny County, PA",9.151374985228827,59237,17.360488225258973,5.480425841612647,11.2,19.727004239276386
36029,"Erie County, NY",9.149609066151278,45532,14.261694028630812,5.7864835815657285,14.0,15.989867473453664
37049,"Craven County, NC",9.139447236180905,6368,28.95069532237674,5.782526712759271,13.9,4.799984640049152
26065,"Ingham County, MI",9.135261259987272,14143,29.676956209619526,7.95543812040277,16.4,15.494427171027487
18089,"Lake County, IN",9.131896683478526,26172,29.557216791259343,3.8417387311548175,14.6,7.356522949369228
48167,"Galveston County, TX",9.13128809007334,19362,23.75631816972599,2.181967888019761,11.2,16.87501871221833
42021,"Cambria County, PA",9.129986244841815,5816,16.903359889158295,13.44595759351836,14.2,3.8429612322070894
12057,"Hillsborough County, FL",9.119167324063064,84931,28.520436982465416,2.1696764973366247,13.2,14.037963205360224
48355,"Nueces County, TX",9.116916006190499,21323,39.12531776668864,1.0834388630927254,17.7,11.044247787610619
47037,"Davidson County, TN",9.111518520708893,50727,28.246475652675322,2.906758756783424,13.9,21.795601126791453
34013,"Essex County, NJ",9.1110074437661,49303,36.26691457494061,1.1350229852324967,15.0,17.35624660390436
01015,"Calhoun County, AL",9.103641456582633,6426,26.305158483530143,11.076588472891098,17.5,10.306887577623748
31055,"Douglas County, NE",9.102146875551856,39639,21.892589723728374,4.113149461253123,11.2,21.957621789945403
17119,"Madison County, IL",9.08883132713698,13126,23.44508670520231,7.3318042813455655,11.3,6.463460536771387
48441,"Taylor County, TX",9.075856359308704,9663,30.04201680672269,4.652849740932642,13.5,10.079764536700424
36001,"Albany County, NY",9.063356905758408,13858,20.11519393409157,4.940854010386613,12.9,18.439574452125864
36063,"Niagara County, NY",9.053884711779448,9576,18.125543006081667,10.769070228529689,13.0,4.294507801689173
37063,"Durham County, NC",9.03570561088171,20585,28.51118085523735,1.130659388859106,12.0,33.175410618459495
12127,"Volusia County, FL",9.033613445378151,24752,28.60291976874766,3.8924476722836507,12.2,3.981604984969441
39155,"Trumbull County, OH",9.023865615077332,9763,24.345415340384022,17.385072181836797,16.8,4.992511233150275
26081,"Kent County, MI",9.02225853573993,40389,22.743843464027975,1.6602364654635968,10.6,17.979144192736427
12015,"Charlotte County, FL",9.012163656468854,5426,38.35849056603774,6.145562569624953,9.6,4.242841383732003
18157,"Tippecanoe County, IN",9.00547351027574,9683,21.936084393422277,6.0847107438016526,19.0,12.001043569006
19013,"Black Hawk County, IA",9.00012640626975,7911,21.76277187658068,8.899001390468968,14.7,9.067005168192946
36067,"Onondaga County, NY",8.978114768223334,23212,16.939867138296954,6.252422167678595,13.9,16.602385635105104
36075,"Oswego County, NY",8.97618201208674,5626,16.137708445400754,13.953488372093023,16.5,1.690545623600017
45003,"Aiken County, SC",8.945786254794237,9647,25.579937304075234,4.8,13.9,10.60001673686853
17031,"Cook County, IL",8.944561446038696,264004,25.538168928849313,0.966926335930026,13.3,18.407688625264033
48157,"Fort Bend County, TX",8.938390873999957,46373,33.47598882782233,0.29815919108115113,7.2,11.372718413578818
35043,"Sandoval County, NM",8.937346437346438,6512,24.767166535122335,2.2629310344827585,10.0,4.437204054336734
13067,"Cobb County, GA",8.936780301306268,43942,23.504585481589633,0.5415614262634537,8.5,12.697799979175608
22063,"Livingston Parish, LA",8.933901918976545,9380,26.564357505673836,2.583537952386036,13.1,0.6540821265518098
48303,"Lubbock County, TX",8.933221954695101,20351,41.772418514032964,2.602065912444663,17.2,14.66123386500669
18141,"St. Joseph County, IN",8.918715504264927,15944,28.22732404968009,5.123053741838272,14.6,11.68975393067976
37151,"Randolph County, NC",8.901394040158587,7819,20.96857290056672,7.821086261980831,14.8,3.3695219996091357
47125,"Montgomery County, TN",8.896310084309647,18266,33.79402585822559,5.12396694214876,11.6,4.8775530941977445
12099,"Palm Beach County, FL",8.889518872509315,74076,33.156200571634706,0.699452366751613,11.1,12.136114104756155
22103,"St. Tammany Parish, LA",8.882720333102013,14410,22.55733148019458,3.8579174197136106,12.2,12.247176845631541
01103,"Morgan County, AL",8.881894074175449,7307,40.05755790050706,7.529379611915824,13.6,6.344976364963041
54003,"Berkeley County, WV",8.877047049649077,7694,20.203469414373288,8.279178580712243,11.4,6.6037112857425875
01117,"Shelby County, AL",8.87589231960093,11627,21.026789559824273,2.022723360302978,6.9,8.899474083460115
48029,"Bexar County, TX",8.874462188605289,130622,23.85673220101447,0.5517156825182756,14.7,11.796570722791397
48309,"McLennan County, TX",8.862745098039216,16575,31.4337207134423,2.956973025164444,17.1,10.726518172201303
12097,"Osceola County, FL",8.860289568122758,24243,27.88308618095852,0.7288388272320689,12.5,8.332300697776772
05125,"Saline County, AR",8.853410740203193,6890,22.110625909752546,5.9872426790374025,9.1,4.571358912626094
13045,"Carroll County, GA",8.847555611411336,7957,41.61740661552006,5.848393574297189,15.6,8.467335329571783
08069,"Larimer County, CO",8.844753392916253,15105,15.64949420513164,3.809208347134813,11.1,12.280617448087694
12071,"Lee County, FL",8.837532766276146,37386,39.44576275809399,1.5604330336653978,11.7,7.201272069866277
45083,"Spartanburg County, SC",8.828473990105193,20819,27.771104598087735,4.483224064789819,14.5,9.47851896787053
08035,"Douglas County, CO",8.82167280378748,19010,11.481520928746406,1.1736842105263159,3.2,13.959568014822523
12009,"Brevard County, FL",8.82103477523325,25938,32.49434168422696,4.625593148412484,9.9,7.289880582643706
26017,"Bay County, MI",8.820921985815604,4512,19.97747747747748,14.26654740608229,14.0,8.767571674898441
18167,"Vigo County, IN",8.812884545783568,5526,19.786965156165373,13.487615259446754,20.0,12.244974850705498
37035,"Catawba County, NC",8.80722891566265,8300,20.516845791571065,8.210931856489285,12.8,11.373567828366877
09003,"Hartford County, CT",8.801086833465414,44165,14.62507090187181,2.1708096349504884,,
17091,"Kankakee County, IL",8.798435833629577,5626,24.14038838410832,6.570768957556385,12.5,6.57832910440748
25005,"Bristol County, MA",8.789410006405237,28102,20.00716589036188,4.420477525100224,11.6,4.757107203109789
25003,"Berkshire County, MA",8.788014311270125,4472,17.122980251346497,9.228039041703639,11.0,11.65265758277271
08123,"Weld County, CO",8.784530386740332,23530,19.931521506526856,4.785808482579657,9.0,4.327306657290836
12069,"Lake County, FL",8.783340620900743,18296,30.97524002021223,3.015820698747528,9.5,4.952679399555159
12019,"Clay County, FL",8.774597495527727,11180,39.58391381071793,4.240631163708087,9.1,6.3355296502787635
05045,"Faulkner County, AR",8.773827227254293,7397,22.838167525074546,5.824324324324325,15.0,11.397223636322193
37021,"Buncombe County, NC",8.773114920206028,11843,11.61698129324336,5.5339969630504475,11.8,28.65226890154364
26021,"Berrien County, MI",8.766233766233766,7392,24.292867776424416,9.892648457670878,15.2,7.858391780122197
47065,"Hamilton County, TN",8.750673128702207,22284,31.426875123688898,4.807299468881928,12.5,15.792634936415226
12083,"Marion County, FL",8.741509746534872,18109,41.854108535960364,4.849424269264836,14.6,3.264126088527763
20177,"Shawnee County, KS",8.71592911182506,9649,19.877517126842434,9.794083829831713,12.4,9.55367479291005
26045,"Eaton County, MI",8.709297763828953,5098,24.647187437885112,6.978588421887391,7.7,2.7398761575976764
18035,"Delaware County, IN",8.697275102650243,5358,16.085740913327122,12.684200708822981,19.9,4.426698302803871
37089,"Henderson County, NC",8.680142687277051,5046,13.960909453530116,5.4873217115689386,11.7,7.452120128176466
48439,"Tarrant County, TX",8.675251779632527,136826,36.602231889540384,1.2591231524929907,10.9,9.996826119779012
40143,"Tulsa County, OK",8.672701595165883,43193,26.688162998270947,5.333826350211458,14.7,9.805137315180371
32031,"Washoe County, NV",8.671266594036235,24783,31.605386466292373,2.789646672144618,10.7,10.645008673710771
42045,"Delaware County, PA",8.656764095192461,31305,21.990733133975223,3.3884617869371407,10.2,13.336023334621343
45045,"Greenville County, SC",8.64639784452405,32661,23.94163269059808,3.1978086239266257,11.0,20.324312959377657
42085,"Mercer County, PA",8.642714570858283,5010,26.9448521702663,13.246753246753247,12.8,4.6236360273719255
48479,"Webb County, TX",8.642595978062158,21880,30.06493805554276,0.0,21.0,5.498070177367744
12053,"Hernando County, FL",8.636417486079848,8441,28.04213585179804,5.363984674329502,12.0,5.500802200320879
51087,"Henrico County, VA",8.634854997551553,18379,11.91575937534367,2.263083451202263,8.4,18.010251080615063
42069,"Lackawanna County, PA",8.633738299143596,10042,21.35634766622408,10.359640359640359,14.0,6.916936811476582
27123,"Ramsey County, MN",8.623473148740443,32829,22.10764664483951,3.363569950079143,12.4,11.254301080228409
51810,"Virginia Beach city, VA",8.619807048631621,25395,14.533201189296333,2.031176192725555,8.4,9.894285060948796
15003,"Honolulu County, HI",8.618945122063396,54357,31.25990192380234,0.7454307853711509,9.1,16.320449523252634
09009,"New Haven County, CT",8.61603335544395,42212,17.897727272727273,2.5518190010909265,,
35013,"Dona Ana County, NM",8.615819209039548,12744,34.44724013209624,2.033605527638191,22.2,6.975750547160433
24027,"Howard County, MD",8.599414832718484,15722,19.307295504789977,0.793701593804007,5.1,30.323727875454857
42133,"York County, PA",8.591354031004496,23803,19.791976225854384,5.811555779994109,8.6,5.51735845853493
47149,"Rutherford County, TN",8.560626519038617,22218,27.383642114776322,3.3107803337843933,9.2,6.8966248978769
45091,"York County, SC",8.559316331337056,14861,20.613414223120998,3.3477030850060623,8.9,4.950478711291382
29019,"Boone County, MO",8.558371416701288,9628,16.49214659685864,6.698815389453821,17.1,22.377884405216648
36013,"Chautauqua County, NY",8.552176917760885,5788,24.3503937007874,11.604322527015794,17.0,10.475001007211635
21227,"Warren County, KY",8.549365692222835,9065,32.513786764705884,4.592118335357103,16.8,10.81548777849881
42077,"Lehigh County, PA",8.545117810474329,19438,17.658329449536534,4.133215932045372,11.9,22.040424731949543
45051,"Horry County, SC",8.536364185962155,16541,29.179772562303413,6.75708403971906,12.8,6.2894451016108235
39151,"Stark County, OH",8.52733053020203,19502,23.721145442393706,10.537656474451056,12.7,10.959900131251487
45077,"Pickens County, SC",8.526625285854296,6122,16.37846655791191,6.350773280684436,17.2,7.235523526304746
42079,"Luzerne County, PA",8.506889825709433,15893,24.79012973798016,8.939509954058193,15.4,5.431846918483066
12103,"Pinellas County, FL",8.496048029522735,36311,21.58166389642201,4.412819239891886,11.4,11.802830608674046
21093,"Hardin County, KY",8.492822966507177,6688,26.310933415346764,11.302912038426898,11.7,5.31792317373655
48061,"Cameron County, TX",8.491620111731844,29535,23.5298107576477,0.24723134758018084,24.4,7.409568531562447
48113,"Dallas County, TX",8.483338455459455,182216,39.11235028023557,0.42105147587600117,14.0,15.248333225402744
37019,"Brunswick County, NC",8.478109798471161,5756,22.40866981296976,8.376690946930282,9.4,4.188807506343052
08077,"Mesa County, CO",8.476409355143977,7397,19.62162162162162,6.069207894025412,11.2,8.681632146843606
20173,"Sedgwick County, KS",8.473280107674896,32691,12.459016393442623,6.425419781836009,14.0,8.580792827949509
42107,"Schuylkill County, PA",8.468640560331105,6282,19.421554370657617,13.276881290941045,12.5,2.0757941642506728
42129,"Westmoreland County, PA",8.461049509146125,14159,16.3113927696961,9.078667611622963,10.0,4.559248863749697
36007,"Broome County, NY",8.45942228335626,8724,21.893626776707933,10.329444063143445,18.9,7.637591205568313
48381,"Randall County, TX",8.44622452585699,8489,20.680288177630803,4.9740688354549745,9.5,5.9781994991597305
37097,"Iredell County, NC",8.442906574394463,10115,27.448248407643312,5.480265110297754,9.1,9.691753771303686
12081,"Manatee County, FL",8.425545368321215,18978,30.160099186027708,3.102257636122178,10.4,7.636052640765176
18105,"Monroe County, IN",8.425467022493327,5246,17.818389491719017,8.217349857006672,20.2,12.082273173089225
37135,"Orange County, NC",8.423250957187609,5746,20.584045584045583,2.4869565217391303,12.4,50.367288735388584
12117,"Seminole County, FL",8.420817511726602,22385,28.3408321350712,1.331702676994157,9.2,7.480716935736599
39029,"Columbiana County, OH",8.413764162819975,4766,19.24456636421186,19.87421383647799,13.9,1.0017731384550654
12005,"Bay County, FL",8.39920007618322,10501,35.8433734939759,3.87448579355209,11.7,6.509177940896665
45013,"Beaufort County, SC",8.396619959353941,9349,33.41905068038144,1.9259576289321636,10.5,11.894436872754305
12091,"Okaloosa County, FL",8.39166217983232,13001,28.63963681903569,5.547422759842823,9.3,8.163894722042063
48039,"Brazoria County, TX",8.380151820560107,23317,29.83187239545912,1.538661019146821,7.3,8.227982885795598
36061,"New York County, NY",8.378208963729094,70194,20.584065363871552,0.2921642960978252,15.8,44.018537163447874
29077,"Greene County, MO",8.363970588235293,16320,24.79553903345725,9.881569207994078,14.4,10.7163037195316
04017,"Navajo County, AZ",8.341463414634147,6150,31.43757254186702,4.742569433165503,24.7,2.739325760619453
04019,"Pima County, AZ",8.339891438141938,49557,30.712856734577226,3.6869431705691023,14.4,11.294738040770302
01003,"Baldwin County, AL",8.3134066634784,12546,23.802681992337163,4.096596796046864,10.5,8.027277453288889
48041,"Brazos County, TX",8.292826631315362,13578,27.689030883919063,1.2666617571249723,23.9,10.816267666570523
51179,"Stafford County, VA",8.290382717403224,9119,21.1287988422576,2.084018865854996,5.1,3.5519982950408187
36045,"Jefferson County, NY",8.28137866133396,8501,19.221381498657554,8.276750175602903,13.4,7.070885628424961
55105,"Rock County, WI",8.275174476570289,9027,17.756590016825577,7.786157941437445,10.0,4.834976217960728
12061,"Indian River County, FL",8.270799347471453,6130,28.23625922887613,4.1401792991035045,11.4,5.809258796670133
12101,"Pasco County, FL",8.266172170315954,28042,24.13883187161784,4.927806910423102,11.1,5.613596434000795
34017,"Hudson County, NJ",8.26615567596141,45402,23.121810516973596,0.6582580459897064,14.8,8.4217961517825
05131,"Sebastian County, AR",8.265617064499747,7876,33.2399745385105,10.941863417110941,16.3,9.997308416964664
04003,"Cochise County, AZ",8.261365488023465,6137,43.646227190530986,5.436546575787082,15.5,0.7950832054574511
16019,"Bonneville County, ID",8.251670378619155,8980,20.178571428571427,4.390950629666778,9.5,9.727335308730657
36059,"Nassau County, NY",8.237382108335655,68177,10.61464264787632,0.31233961434122737,5.3,30.737454737661572
29071,"Franklin County, MO",8.235503379580221,5622,16.337977202822508,11.027027027027026,8.2,3.729395092116059
47093,"Knox County, TN",8.234152893332835,26803,20.723856576091023,7.533528133662996,12.2,16.97095992485417
44007,"Providence County, RI",8.231280615815255,34296,16.973059104724246,2.323943661971831,13.0,19.233272970445856
06071,"San Bernardino County, CA",8.230328842800487,129606,16.8373537834296,1.0414725069897484,13.6,7.3613059950385695
39133,"Portage County, OH",8.227097539282537,6746,19.28211213289825,8.631173068367195,11.4,6.10355287813036
51041,"Chesterfield County, VA",8.218103363734432,20394,16.269098077870872,1.7886019503111676,6.8,10.518403357679588
17037,"DeKalb County, IL",8.210567668434493,5091,16.273120818575364,4.292434339474716,15.9,3.9473034982977255
39017,"Butler County, OH",8.20731307645489,21359,23.895847066578774,7.831663701900571,11.7,5.506304718903144
36085,"Richmond County, NY",8.194879203788426,24918,10.32879039107049,0.5498254203957138,10.9,15.655985805239537
29099,"Jefferson County, MO",8.179597338050712,11871,23.214285714285715,9.320072022635685,8.6,2.587456013247775
48485,"Wichita County, TX",8.162460567823343,7608,18.791858174655285,6.114683112452434,15.9,10.001230920728704
39139,"Richland County, OH",8.150797198629116,6711,25.732655502392344,13.083693868417127,13.9,8.009419076834357
12113,"Santa Rosa County, FL",8.149646107178969,9890,24.64435574659707,6.786366402921485,8.4,4.334153612035463
34001,"Atlantic County, NJ",8.148849402854646,13732,24.761834969954567,5.127078297810005,13.1,7.523807476514972
23011,"Kennebec County, ME",8.145908145908146,5291,15.919540229885058,8.624268729949048,12.3,7.0060173904920555
49057,"Weber County, UT",8.145212246539147,17409,16.56144043025839,2.605731453663046,7.5,7.243280046936455
37085,"Harnett County, NC",8.143114980358849,9419,30.820134519418527,5.197836002970192,14.5,2.737925747453729
34023,"Middlesex County, NJ",8.135023891753796,42274,24.632134452183422,1.025556002936927,8.5,14.717133327116937
24015,"Cecil County, MD",8.133380381086804,5668,22.28648544438018,10.123674911660778,10.9,5.644137152532807
26125,"Oakland County, MI",8.13107972724041,61886,13.3818442863669,2.7243979567015324,7.7,25.599743385704855
26077,"Kalamazoo County, MI",8.118109046971757,13242,18.801028122165103,9.081293442127532,13.3,15.862225243598457
08013,"Boulder County, CO",8.106552659705665,12163,15.552784704904406,2.1755253399258345,11.4,12.41438615402317
47165,"Sumner County, TN",8.094493659892304,11514,26.96805725257462,6.0344827586206895,9.0,7.557115260177309
37101,"Johnston County, NC",8.094350444508173,13948,21.70967276920859,1.3773314203730274,11.2,3.2026389745150006
29097,"Jasper County, MO",8.085977482088024,7816,21.949327817993794,9.63302752293578,18.4,7.115805785940749
15009,"Maui County, HI",8.079454058006338,8206,18.425789559810177,1.4814814814814814,9.8,9.774693318997118
36103,"Suffolk County, NY",8.075482348111658,77952,15.762718648681103,1.0643618317282415,6.4,12.175200483882834
12017,"Citrus County, FL",8.073217726396917,5190,43.7634619150186,9.264990328820115,15.5,7.639239836872847
09011,"New London County, CT",8.069836672298656,12429,12.430471584038694,3.6691342130672675,,
42075,"Lebanon County, PA",8.066170813028982,7798,23.023560209424083,5.454077694880371,10.6,6.193271354743702
25025,"Suffolk County, MA",8.062516710823752,41141,20.962694959174694,0.9709913312993366,16.5,32.402691062404806
37179,"Union County, NC",8.059393361918374,12594,24.69214268689918,2.0805209243230367,7.7,6.0747344202045666
36083,"Rensselaer County, NY",8.04871591209955,7554,15.587529976019185,6.523752811962419,11.8,6.22087851246353
35045,"San Juan County, NM",8.04506505871152,6302,30.225080385852092,5.128612257859638,23.2,7.449282799606016
12086,"Miami-Dade County, FL",8.017632224217063,143147,25.041623607762084,0.30665826507036337,14.9,12.859081030177974
48423,"Smith County, TX",8.007082431634862,15249,28.06077460489724,1.7101887785305532,12.2,12.043791224893713
18019,"Clark County, IN",8.004977187888842,7233,18.77511431342663,7.951873876365648,9.3,5.491100494983487
26161,"Washtenaw County, MI",8.003557136505114,15743,17.67705743609358,3.4038697987445805,13.8,35.03844867937145
34021,"Mercer County, NJ",7.977944764321265,20494,35.50004916904317,1.5505013450721448,11.1,12.24058877231995
42095,"Northampton County, PA",7.968533760652633,13729,14.905109489051094,4.4169096209912535,8.8,15.170795290242081
29047,"Clay County, MO",7.955861317348955,14681,19.805664668182757,5.1900984682713345,8.5,8.353267266583133
42081,"Lycoming County, PA",7.950401167031364,5484,20.225133788521866,12.951477562933237,12.5,4.415556890034971
48187,"Guadalupe County, TX",7.913458727219569,10261,24.617359533919227,1.2970548078798518,8.8,7.173380609327444
19193,"Woodbury County, IA",7.907042652685277,7057,24.53952961178804,8.536240090600227,13.3,5.59404048220629
47163,"Sullivan County, TN",7.9035498995311455,7465,15.069244481009187,13.904967021133396,14.9,10.448485891470963
48451,"Tom Green County, TX",7.89831430125068,7356,18.037243441620227,2.6755398614695096,11.7,9.158805358733753
19163,"Scott County, IA",7.889484189515706,9519,15.930599369085174,6.817705055590518,11.6,9.111565423887107
36047,"Kings County, NY",7.886331946943786,167822,22.34512868490085,0.1906895811980073,18.9,12.339401542845419
40027,"Cleveland County, OK",7.8815186881370956,13538,18.88830936591908,4.693380562320124,12.8,4.93498973522135
51177,"Spotsylvania County, VA",7.879995020540272,8033,20.005077430820005,3.81698371254507,7.0,7.235842416508246
25027,"Worcester County, MA",7.879234167893962,42098,14.722812716459265,3.6922714420358154,10.3,11.461018918624495
47179,"Washington County, TN",7.874015748031496,6223,13.653686826843414,10.430436885378043,15.8,25.780209392589622
42011,"Berks County, PA",7.854635923408415,22509,17.36014064824415,4.149729753875016,11.7,9.792378796539419
01055,"Etowah County, AL",7.851169141491722,5859,32.048439365512536,7.553282182438193,17.1,4.844632631507553
17113,"McLean County, IL",7.8481630660319786,8193,15.591133004926109,5.385272927097326,13.0,9.879757539126745
27053,"Hennepin County, MN",7.847524284662099,71959,19.073409734920922,2.2127517803351058,10.0,23.088993147124008
47009,"Blount County, TN",7.847021179338717,6563,20.74752097635393,10.557677616501145,8.9,7.734985338686881
10005,"Sussex County, DE",7.837310011038465,11777,35.62732061134617,5.487752837757105,11.5,8.482890378927026
34015,"Gloucester County, NJ",7.828575321932275,14677,15.957593281013356,3.927242662257131,7.6,3.5280948608487313
48181,"Grayson County, TX",7.8074619990787655,8684,31.823501872659175,3.522753522753523,11.1,6.643105784816518
48329,"Midland County, TX",7.806146256916206,15001,28.49415692821369,2.21940815782458,10.6,10.349316672749161
17099,"LaSalle County, IL",7.797235023041475,5425,18.118081180811807,10.75308414656601,13.5,2.767783005812344
21117,"Kenton County, KY",7.7962673531304585,10877,22.54404575223688,8.770800772271766,11.9,9.15007262870149
40031,"Comanche County, OK",7.795295295295295,7992,31.9331983805668,5.922123450607237,17.7,2.4712511120630007
06077,"San Joaquin County, CA",7.787970202548791,48729,17.028676422337423,0.9369658779679166,12.6,7.719566527959534
13073,"Columbia County, GA",7.787421234098205,8411,21.505634140493886,1.3211140204713163,6.8,13.733639056081017
04013,"Maricopa County, AZ",7.777662883096429,251438,24.530946557566203,1.9761541153638127,11.3,10.250163917026313
36119,"Westchester County, NY",7.768534377293858,49044,19.117464777093748,0.38740722616426065,8.9,26.528967744948318
42125,"Washington County, PA",7.767698884370764,9591,18.22056473095365,10.034638396137295,9.4,6.177708925363771
06019,"Fresno County, CA",7.760014106444882,68054,17.732892902600156,0.6259665660210619,18.7,8.690345416819236
37183,"Wake County, NC",7.757655682149265,65213,27.88505959530629,1.0466865158537708,7.9,13.22575305652833
30111,"Yellowstone County, MT",7.754477937964176,9156,18.009841443411702,12.397596941561988,10.2,10.490549763088419
39085,"Lake County, OH",7.75111283143023,10334,20.021330230754316,6.1434108527131785,8.2,5.594766741263557
34005,"Burlington County, NJ",7.742776450141212,23015,18.018453427065026,2.635726795096322,6.8,10.094318791205325
49035,"Salt Lake County, UT",7.742049182550226,73766,21.466048104271948,1.6412836551536578,8.4,13.072712234249849
19153,"Polk County, IA",7.730945621314698,32053,18.828634760076177,5.577925523613322,10.1,7.555430707982603
18127,"Porter County, IN",7.7272727272727275,7920,21.88131313131313,4.151419558359621,9.2,7.960877971113386
51153,"Prince William County, VA",7.726425403355402,31114,29.51861042183623,0.5334190231362468,6.1,3.8229145498115704
24025,"Harford County, MD",7.705360586193598,12965,14.393453145057766,4.161840784495406,7.0,5.64941961629142
39025,"Clermont County, OH",7.702089009990917,11010,19.616963064295486,8.585950263205664,8.8,4.2031916235061155
17197,"Will County, IL",7.69790454016298,34360,20.11750881316099,1.5689128220055304,7.0,4.233801827026615
42055,"Franklin County, PA",7.688656858092074,8428,20.381090207428848,7.020040317799123,7.8,8.161471576105722
05143,"Washington County, AR",7.680482105522076,16262,32.98969072164948,3.6427732079905994,14.8,10.894719442190365
48257,"Kaufman County, TX",7.677484005241656,12973,30.19849527773331,1.264164032991598,9.7,0.5054870620586466
39045,"Fairfield County, OH",7.676622286194075,8337,18.381460810482892,7.234399329260989,8.2,4.768660364087219
55059,"Kenosha County, WI",7.674889762841139,8391,16.710971483808603,4.82560917343526,10.5,5.925785462863102
36027,"Dutchess County, NY",7.673989860193578,13018,18.0239898989899,2.4646805896805897,8.3,14.00172687964849
30063,"Missoula County, MT",7.6664173522812264,5348,13.095460489445172,6.499813223757938,10.9,9.79224128082516
26147,"St. Clair County, MI",7.665698076656981,7227,17.314685314685313,13.197335553705246,11.0,3.1189959328293035
06029,"Kern County, CA",7.661369432999804,61164,19.279817319515193,1.0154218224585465,19.0,8.129825729055673
17097,"Lake County, IL",7.641677485583164,33121,21.4279176201373,1.2025985798458982,8.1,12.941759299976065
48121,"Denton County, TX",7.6318662633566605,55871,24.597831868958306,0.6826244311463073,7.0,7.558940600122474
24003,"Anne Arundel County, MD",7.6302382424831405,33957,19.11005164878824,2.293428274736686,5.5,10.459035444509006
18081,"Johnson County, IN",7.6266722848414625,9493,17.144060657118786,5.686502483881196,7.2,5.861183724665033
06037,"Los Angeles County, CA",7.623990087582321,471328,14.093829209316798,0.3288278043357657,13.6,12.626600372915163
04005,"Coconino County, AZ",7.620817843866171,6456,26.393870231496578,1.9783616692426584,17.7,11.711134533380177
06001,"Alameda County, CA",7.604338457464097,83071,10.752466856347237,0.2000337406309498,9.2,18.737947679283955
04015,"Mohave County, AZ",7.601059541633076,8683,26.31148498656385,9.33118823259021,16.8,3.973878372829269
12115,"Sarasota County, FL",7.594506391079684,14708,32.91226616966936,3.1297082591425833,8.2,10.490889711374642
49011,"Davis County, UT",7.586323485905075,23661,15.357893382510614,1.5387223941333559,6.0,5.548656432478135
36111,"Ulster County, NY",7.579262484691795,7349,23.801583993330553,4.985735633745415,14.3,2.7325838766620945
48453,"Travis County, TX",7.578463575166419,80069,20.224050632911393,0.5652543644640088,11.0,15.545177438668043
55117,"Sheboygan County, WI",7.57058083078583,5561,12.249726974881689,5.8952764555108015,8.1,7.605783776018118
36089,"St. Lawrence County, NY",7.563025210084033,4641,23.114680946006246,12.520593080724877,17.4,5.649823913821353
41029,"Jackson County, OR",7.560104277300376,10357,16.810219684505952,6.256043318507059,12.4,8.132615855890048
42091,"Montgomery County, PA",7.557380551138117,42131,17.474207582349287,2.4853905784138344,6.5,20.70087239390803
48085,"Collin County, TX",7.557357062558387,63157,20.065704715279566,0.3568992592357597,6.3,14.187133067337871
13313,"Whitfield County, GA",7.54836663495084,6306,31.484476067270375,7.3426573426573425,13.7,9.517464547444561
09015,"Windham County, CT",7.5460717749757515,5155,11.82983682983683,5.923344947735192,,
17089,"Kane County, IL",7.540226567573418,27718,20.95408423972553,1.3816240395368133,8.3,5.37431117645591
48491,"Williamson County, TX",7.5282401902497025,40368,18.7221396731055,0.6528808678598913,6.3,7.285423654258536
48139,"Ellis County, TX",7.514749262536873,13560,38.89058213959159,1.1142266824085005,8.1,4.303166700374806
31153,"Sarpy County, NE",7.501254390366282,11958,16.04127579737336,3.079497907949791,5.2,5.858574023082781
06095,"Solano County, CA",7.498959633791094,24030,17.019667170953102,0.3550145809560035,9.7,8.78925776915454
06013,"Contra Costa County, CA",7.467453142996754,57302,10.755569567044978,0.512533454615425,8.3,12.280329215159043
39057,"Greene County, OH",7.461090649875253,8417,19.132196924544047,6.290054592926656,9.8,12.764945139747137
25015,"Hampshire County, MA",7.46067415730337,4450,17.70388676701865,3.5388381927442687,10.9,16.928760149698608
23031,"York County, ME",7.456140350877193,9120,13.981225842076201,6.1504667764964305,7.8,5.9052524949691785
34003,"Bergen County, NJ",7.452339688041595,45006,15.627240143369175,0.5419132485318459,6.7,23.195431215328195
24031,"Montgomery County, MD",7.444434683299657,56915,27.73204077479511,0.5790826204808673,7.1,26.61066108089179
06085,"Santa Clara County, CA",7.435359593553351,94871,10.386321803615317,0.1973448152134912,6.9,20.661103396363544
29183,"St. Charles County, MO",7.432202978702761,20613,18.04699634250213,3.2370910524241228,4.7,7.080047011512156
55139,"Winnebago County, WI",7.431952662721893,8450,12.87223823246878,7.441362066912728,10.9,12.694236239736421
47189,"Wilson County, TN",7.421109902067465,9190,17.328244274809162,4.847161572052402,7.6,2.942076399839951
13015,"Bartow County, GA",7.4171797126942245,6822,21.941547951241006,5.274725274725275,10.1,0.8510058889607517
48339,"Montgomery County, TX",7.413669921409859,41990,30.268143398426115,1.5804152463588472,9.3,8.671140975409978
27109,"Olmsted County, MN",7.413543176641126,9658,11.747552593209749,3.8278501965652802,7.9,35.45161755516031
34039,"Union County, NJ",7.410782080485953,32925,30.315698871845317,0.6025746370857299,8.9,8.078632018311566
18063,"Hendricks County, IN",7.400585112146495,9229,16.829427083333332,2.849374660141381,5.0,11.540741440179616
42007,"Beaver County, PA",7.392059885042107,7481,19.177891959450076,10.128789911456936,10.1,6.6449196568805124
39007,"Ashtabula County, OH",7.385229540918163,5010,40.77279130609781,15.007961783439491,18.3,2.063855695209791
41051,"Multnomah County, OR",7.376574689197012,36277,19.03756976647322,3.065368567454798,12.5,25.882746134235962
26115,"Monroe County, MI",7.364864864864865,7400,17.601730431255916,8.882560347165718,11.1,3.845044698644622
34035,"Somerset County, NJ",7.364511865046894,15887,20.87627236517671,1.0643657891422094,5.5,15.945527838933385
05007,"Benton County, AR",7.359758320745872,19199,26.43086140747359,3.537145242070117,7.6,8.085431917553473
27137,"St. Louis County, MN",7.358125781871943,8793,10.957653235931971,11.528394218732219,13.4,13.944639780073109
46099,"Minnehaha County, SD",7.349441038586368,13865,17.202665507750254,5.00362056480811,8.8,12.461716170035324
12021,"Collier County, FL",7.34698737794713,16796,35.20194351655026,0.5969598129115637,10.5,9.129501985666682
17179,"Tazewell County, IL",7.34615996183813,6289,13.812858052196054,8.701174976182916,8.7,3.8514570061854396
06075,"San Francisco County, CA",7.3382126348228045,36344,10.183259863040284,0.6616856441785448,10.6,32.14400514304082
06067,"Sacramento County, CA",7.333057472292741,89417,13.702301393609014,1.323930692958126,12.6,14.833378950628433
55009,"Brown County, WI",7.3283983849259755,14860,12.300806943785176,5.233695285627571,9.8,13.873220668178117
04025,"Yavapai County, AZ",7.323492390433688,8739,22.282420749279538,6.908758707319858,12.6,4.3648541940296735
33017,"Strafford County, NH",7.31410701876303,5756,15.191199580932425,6.1879432624113475,8.8,7.451453778632211
36069,"Ontario County, NY",7.307932542161149,4803,16.531569965870307,6.612432206925323,9.2,14.157788553427954
55025,"Dane County, WI",7.302645730264573,27894,13.923865834519509,2.6855839878388648,10.5,19.036384990490305
27003,"Anoka County, MN",7.295347101268972,20095,16.165507579926953,3.2068811216626063,6.6,5.572656830485086
06065,"Riverside County, CA",7.293479222579409,135628,16.29864402218601,0.7043971232805836,11.1,6.205697937455261
48091,"Comal County, TX",7.292644757433489,9585,23.997447080097864,1.3366750208855471,6.4,8.431368659114804
12109,"St. Johns County, FL",7.278403023083874,12173,24.503087202909583,2.3707606190319392,6.7,8.36000573257536
44003,"Kent County, RI",7.265958913553012,7253,11.527739057708391,3.3954451345755694,7.4,8.118295158016817
09001,"Fairfield County, CT",7.257146281536525,50061,18.507420380231217,0.613362103412451,,
06107,"Tulare County, CA",7.255596231170857,33326,22.47588816994262,0.33039978373832335,17.8,6.2041667183680556
38017,"Cass County, ND",7.242990654205608,11984,11.85344827586207,5.028123402079427,10.3,11.943566647590135
37133,"Onslow County, NC",7.2409223429631595,18865,35.256410256410255,2.3966065747613996,11.7,3.756679846351794
48209,"Hays County, TX",7.201299106864031,16011,20.660053414727205,0.6562910181886368,12.0,5.478907916679508
39089,"Licking County, OH",7.1990516219420195,9279,19.79800173761946,8.681153184165233,10.1,2.163354930826726
42041,"Cumberland County, PA",7.196254625084951,13243,25.13060848186847,4.923984570002269,7.8,9.07388318645741
40017,"Canadian County, OK",7.190945458093473,10249,16.981879393999407,2.497073741708935,8.6,2.2007042253521125
25023,"Plymouth County, MA",7.174853845569812,26342,18.157471880021426,2.401210058612214,7.1,4.242837905144903
46103,"Pennington County, SD",7.173539518900344,6984,23.93076813045344,9.327019658487588,12.0,11.208925753800257
31109,"Lancaster County, NE",7.166865445082945,18446,19.07731361403896,4.868792019084797,11.7,9.313308718158249
53033,"King County, WA",7.152083640367227,115351,21.482058982058984,1.1941889910702386,8.4,15.383228264459914
09013,"Tolland County, CT",7.139125892390736,5743,11.697127937336814,2.7632950990615224,,
13139,"Hall County, GA",7.133999562331315,13709,29.123012674921238,1.8240421947110101,12.7,9.470337549888386
41019,"Douglas County, OR",7.129724208375894,4895,14.18642681929681,11.774358974358975,15.6,2.6724867489198703
23005,"Cumberland County, ME",7.129066857347158,13985,15.120821878165243,4.0042903110475505,7.1,23.26255779789617
26005,"Allegan County, MI",7.122696330732193,6023,17.053749170537493,7.308526614383448,9.3,0.8167999411904042
55039,"Fond du Lac County, WI",7.121424284856971,4999,16.809640522875817,7.152847152847153,8.7,9.590578215960642
19103,"Johnson County, IA",7.115198451113263,8264,16.773491353247067,2.2609116189094425,16.7,35.6071964017991
09007,"Middlesex County, CT",7.110161733292646,6554,12.142966244081258,2.1325209444021325,,
02020,"Anchorage Borough, AK",7.108714984437528,17992,22.528565743846286,4.535649409627611,9.3,19.337016574585636
04021,"Pinal County, AZ",7.10045305421028,25604,23.863545257756755,3.4706226820222525,10.9,1.7514429944226269
53015,"Cowlitz County, WA",7.098462544978737,6114,20.3127599401098,9.379263301500682,13.0,5.263989050902774
53053,"Pierce County, WA",7.094250060262187,53931,30.45556698282101,3.953584283143371,8.9,11.156326699746062
17093,"Kendall County, IL",7.09391374445788,7443,16.460462614308767,1.1012624227773302,4.9,2.793861885437693
21015,"Boone County, KY",7.089024964672633,8492,21.88421176748025,5.5620884289746,6.6,7.631734138134388
25017,"Middlesex County, MA",7.077156974534398,78930,15.010344034939852,1.2002312487432134,7.5,15.338930445140555
33011,"Hillsborough County, NH",7.065296076444187,20721,15.277575757575757,4.376208897485493,6.5,12.312352774460928
25009,"Essex County, MA",7.064871365576438,42407,16.08713171679822,1.5432752252570165,9.4,9.345363364719189
51059,"Fairfax County, VA",7.062475746992627,61848,23.41380118525463,0.13094930160372478,5.9,20.75930831018369
39041,"Delaware County, OH",7.0616959338905065,10649,11.388101983002834,2.5229788032264118,5.0,9.6652462956893
13117,"Forsyth County, GA",7.05006062705699,11546,12.253753362839538,1.1001386001386002,4.5,4.2842454015766025
19113,"Linn County, IA",7.038191738113796,12830,15.338427947598253,6.640168342296002,9.9,7.335111019062659
36071,"Orange County, NY",7.035375822903856,27646,24.594911650414254,1.5454941227688288,13.0,9.71423159213827
25021,"Norfolk County, MA",6.99945271768874,34717,12.978007311553416,1.1568969960768591,6.6,16.469705192277058
34041,"Warren County, NJ",6.982543640897756,5213,17.77137367915466,3.7870049980776623,8.1,1.785220162276513
18039,"Elkhart County, IN",6.982215763614975,14451,31.76438014812764,5.3748526250086694,12.5,4.820763994677876
53061,"Snohomish County, WA",6.972964075552446,48602,20.925073484554378,2.7654633734431076,7.9,3.8189449759464327
42013,"Blair County, PA",6.9726699369306235,5708,17.895299145299145,12.968804766912022,13.0,9.97763347163442
20045,"Douglas County, KS",6.956172094893446,4974,12.75612695861792,6.678736672701669,15.2,9.836952512111749
04027,"Yuma County, AZ",6.95446973903387,14408,40.64723113404938,1.5614156835530881,16.5,8.17030547864373
06073,"San Diego County, CA",6.94064026399046,183643,13.68366995733243,0.25893037226010784,10.4,11.822484486020517
06081,"San Mateo County, CA",6.9368057802221506,37092,7.750743444174101,0.09983540649199968,6.5,19.24907086215646
53063,"Spokane County, WA",6.92291866684954,29164,19.032997784601033,5.8545428693303,12.2,8.454043281104134
53035,"Kitsap County, WA",6.921584129950406,13913,30.22303140646336,3.8152148931280165,8.3,6.751474664202971
06059,"Orange County, CA",6.921048347712844,153575,9.623072343153996,0.28873666303844825,9.5,13.436641974997121
27145,"Stearns County, MN",6.914468425259792,10008,18.85451086412336,5.921118322516226,12.2,9.14650877759959
06089,"Shasta County, CA",6.912288512911843,8984,22.43686721750262,8.168344835388618,13.0,6.073288022923902
27037,"Dakota County, MN",6.912083862249703,24421,16.40152916512517,2.1411610578891347,5.6,5.296189391732649
27163,"Washington County, MN",6.910124644653401,13719,13.009140767824498,2.220604295595195,5.0,11.269192844062545
24037,"St. Mary's County, MD",6.907126168224299,6848,19.280167264038234,4.599384795664275,7.4,6.868780533875967
06031,"Kings County, CA",6.906935165145384,10627,20.088779750661125,0.45180722891566266,16.8,2.582094465926036
55063,"La Crosse County, WI",6.9058295964125564,5575,11.997847919655667,5.417040358744394,12.4,17.34677019659673
06007,"Butte County, CA",6.892080590464792,10026,22.574814219722835,6.223692122669874,18.3,8.159973888083558
34025,"Monmouth County, NJ",6.884521828191013,31244,17.895448835636294,0.8962127782596127,6.4,22.547566098344454
12085,"Martin County, FL",6.87607438662291,6399,31.54809063539851,2.5019669551534225,11.4,12.072483189067158
53011,"Clark County, WA",6.875339243712683,27635,23.005719446116796,4.178459705049903,8.4,10.051795193724645
42017,"Bucks County, PA",6.856999029161123,27811,18.921846981470413,3.4624837357235796,6.1,8.459833479714089
55073,"Marathon County, WI",6.850471233647489,7109,15.747142655566531,6.52143160277267,8.9,4.313722670769496
17043,"DuPage County, IL",6.847971280681249,47912,18.53433765359367,0.7037547508666416,6.4,19.31404205552627
06099,"Stanislaus County, CA",6.83398677846779,34943,14.086535515106943,1.5666695360247913,13.1,7.002147325179721
48251,"Johnson County, TX",6.801319043693322,12130,32.84659281638134,3.2631144155307723,10.7,5.224486694182296
41039,"Lane County, OR",6.8005661521871,14837,17.864196690049717,6.384578576799508,15.3,11.76790552202429
39109,"Miami County, OH",6.799365862251189,5677,18.23477493380406,8.397887323943662,8.6,4.466279589102278
16027,"Canyon County, ID",6.779560308972074,16830,16.95832581634494,4.046414757512645,10.1,2.6227837477331657
13057,"Cherokee County, GA",6.7745057375915945,14466,22.936733421107338,1.6386641775565236,6.5,5.11050617860197
51510,"Alexandria city, VA",6.7438571681103054,11314,22.16878402903811,0.13243863676496556,8.4,15.084662669231058
17111,"McHenry County, IL",6.731713705716718,15271,19.24319335486848,1.9187950229207598,6.1,5.696941691801785
51107,"Loudoun County, VA",6.720304890959136,23615,16.308623298033282,0.2201524132091448,4.0,10.14930759168208
06083,"Santa Barbara County, CA",6.716936930341521,27319,24.839266688710094,0.4216933739136812,13.8,9.898762654668166
06053,"Monterey County, CA",6.711754759979416,27206,20.09152642456451,0.3421130076515597,12.6,8.710581752248132
53077,"Yakima County, WA",6.703381299224255,16887,20.488756170394296,2.621947561048779,15.4,5.80219168120438
18057,"Hamilton County, IN",6.700633009109155,19431,13.519633575214863,0.7400507167624075,4.3,18.962138929271223
39165,"Warren County, OH",6.699278666777216,12061,19.72687151303189,3.9150630391506303,5.4,9.372839853315057
39173,"Wood County, OH",6.693811074918567,6140,15.98761408083442,5.008944543828265,12.0,9.017335828129578
06047,"Merced County, CA",6.683286479605368,18853,28.103293748599597,0.23905652358691032,18.4,3.7065241564287974
41017,"Deschutes County, OR",6.679511881824021,9342,13.45301178760679,3.9686796095677357,9.3,10.400170184603022
26093,"Livingston County, MI",6.6721484787971335,8513,11.752187278316386,3.4985768500948766,4.9,5.076760620583219
42019,"Butler County, PA",6.672119654124796,8558,17.13875941197562,6.813135444665186,8.0,3.0099176787514863
26139,"Ottawa County, MI",6.6658046162798215,15467,16.73257698541329,2.4888946955840083,8.2,4.898199095465901
41047,"Marion County, OR",6.65918252793795,19597,19.09058286768852,3.821558295390597,13.1,8.501786792190826
23019,"Penobscot County, ME",6.654082114204813,6357,12.533459297748387,10.154039610185476,13.5,8.288701861769956
41067,"Washington County, OR",6.653138618143109,30061,16.714032565448527,1.337201547285581,8.0,12.923870224711747
27139,"Scott County, MN",6.64983164983165,8316,14.38232097572757,2.0151133501259446,4.1,5.088864292711474
55087,"Outagamie County, WI",6.649494371303186,10482,11.421663442940039,5.233895705521473,6.4,6.65335994677312
06025,"Imperial County, CA",6.646164360157185,11706,46.61953159522757,0.1283147989734816,19.6,3.301710285928111
55133,"Waukesha County, WI",6.637475303038394,18727,8.879113717823396,1.9053735816741597,5.2,16.545611935860578
49049,"Utah County, UT",6.622516556291391,60551,17.689639068650344,0.6362269264455571,8.7,5.486902362579861
55127,"Walworth County, WI",6.608028867839423,4434,13.8283378746594,5.093531665539779,9.7,5.658829188240953
36091,"Saratoga County, NY",6.608017594721583,10003,11.01703457312771,4.468382206263715,6.7,7.488766849725412
55131,"Washington County, WI",6.5999677263191865,6197,8.964501881236709,3.7120723047127178,5.3,5.766721690802799
06017,"El Dorado County, CA",6.58311345646438,7580,13.435442697836894,2.0137784843667195,8.3,11.928037630365672
20091,"Johnson County, KS",6.5523255813953485,34400,11.076438507976318,1.1242827600267964,5.3,21.035117575236132
41043,"Linn County, OR",6.549364613880743,7161,13.91730903994394,6.703281227996057,12.8,3.7743255280281414
39169,"Wayne County, OH",6.5342544617156015,6948,32.73277601614298,7.281344248168892,8.7,9.431373893957062
06111,"Ventura County, CA",6.510441273740906,42332,15.219706112018173,0.465974406887906,9.0,8.61834726433309
53067,"Thurston County, WA",6.488523928114693,14857,28.79173740803622,4.474378934542747,9.7,8.583350940207058
06079,"San Luis Obispo County, CA",6.475778258698186,12014,18.216286083584663,1.3852741163630258,12.8,10.999031375624018
53005,"Benton County, WA",6.463395267587741,12594,25.66275167785235,2.711892519489136,11.1,7.791374490123286
24021,"Frederick County, MD",6.4614991699655215,15662,17.73123455184077,2.5258984524875303,6.3,3.6750334929188786
33013,"Merrimack County, NH",6.456619587148844,6443,11.776602364654636,4.29590570719603,7.1,13.935604836921753
06055,"Napa County, CA",6.445609879884961,5911,11.716760061130921,0.5422809693272327,8.4,9.794540673713714
48367,"Parker County, TX",6.443381180223286,9405,23.637147166558933,2.7714378871861753,7.8,2.2258454039074715
49005,"Cache County, UT",6.429335667736601,10281,12.630131604792771,0.8954642787619232,13.1,6.873466357818911
06039,"Madera County, CA",6.415343915343915,10584,19.780864801408725,0.5866767600302801,19.9,7.253735673872044
51013,"Arlington County, VA",6.395205648140546,12181,29.064166523309822,0.0,7.1,17.09708223696556
16001,"Ada County, ID",6.391288909930169,25347,11.604692781865182,2.39807206068268,8.5,12.504689258471927
42071,"Lancaster County, PA",6.389297350286884,34683,32.428716599916314,3.708324870150596,8.7,8.343792662078172
06023,"Humboldt County, CA",6.3630160354827705,5862,18.851756640959724,5.27250133143973,18.9,4.532406707961927
47187,"Williamson County, TN",6.325671170380769,11398,14.658210007047217,1.0345432228651588,4.5,21.1788835384341
34037,"Sussex County, NJ",6.3226744186046515,6880,15.24434719183078,3.0223390275952693,5.4,4.747565177287648
42029,"Chester County, PA",6.318821556187559,27426,19.40828402366864,2.1733553234377863,5.9,9.808379923137968
39103,"Medina County, OH",6.31424375917768,8172,15.993636808614783,4.068417837507636,6.1,10.29113067027759
42001,"Adams County, PA",6.3108945969884855,4516,21.517857142857142,6.198804516271862,8.4,1.8533276497952074
06113,"Yolo County, CA",6.3003663003663,9555,14.616436914658529,0.7062295773163276,16.3,13.3184758336256
49053,"Washington County, UT",6.2953788331767315,11707,32.88700760193504,1.170940170940171,9.9,8.656218290589248
33015,"Rockingham County, NH",6.292889472915754,13698,11.299062683069712,2.1595416483032173,4.8,8.683974655199684
53057,"Skagit County, WA",6.236275801493193,6831,26.595256312165265,3.2676812891674127,11.6,6.027000964320154
50007,"Chittenden County, VT",6.195732155997057,6795,10.085646780862374,4.880934772962579,10.4,29.265266226126858
34027,"Morris County, NJ",6.18241175270353,24505,16.106471386843296,0.5860175395459388,5.1,18.162595377523886
09005,"Litchfield County, CT",6.172667871541777,7193,12.883008356545961,4.222222222222222,,
25001,"Barnstable County, MA",6.163453706217758,7366,21.17791077257889,4.521527871507626,7.4,10.319473706840952
41005,"Clackamas County, OR",6.152029203349796,18628,14.8372773054638,2.9341963322545848,7.5,10.097286178224147
06087,"Santa Cruz County, CA",6.109031138708794,10951,12.34050479649809,0.6322155030236394,11.2,15.243553882152085
36109,"Tompkins County, NY",6.085881989496447,3237,14.122725871106999,7.366482504604051,15.3,6.628662335940607
44009,"Washington County, RI",5.990453460620525,4190,9.865578492558809,3.217349857006673,8.0,10.741715451957678
24013,"Carroll County, MD",5.988515176374077,8533,15.246155680057218,3.7404129793510323,5.3,5.081645097906362
06097,"Sonoma County, CA",5.911151405258386,22060,11.359772069298286,0.49131107269584207,8.6,11.125418490857585
34029,"Ocean County, NJ",5.866583175156057,51103,22.92408474809671,1.0073295966762044,10.4,5.551937626231554
36087,"Rockland County, NY",5.811145607927996,31887,22.854772313878165,0.14173228346456693,15.6,7.7554115538397905
34019,"Hunterdon County, NJ",5.723460521344919,5294,13.41901341901342,1.5897047691143074,3.8,15.944361769976007
53073,"Whatcom County, WA",5.589625012566603,9947,20.40147480540762,3.1176289611321915,12.7,8.512304536207086
06061,"Placer County, CA",5.586532844777229,18831,12.584761599658284,1.0154713169227498,6.7,14.291575807589288
16055,"Kootenai County, ID",5.442528142104719,9683,18.607806303485702,4.5982976956612,9.3,5.310025859825937
06041,"Marin County, CA",5.3655388586706,10847,14.03654485049834,0.19365547768351163,7.8,20.670826833073324
27171,"Wright County, MN",5.297941495124594,9230,14.645308924485127,3.286131229056318,4.9,5.821738371077604
42027,"Centre County, PA",5.207561156412157,5396,21.363040629095675,4.725722757598221,16.9,9.38643972341291
